Type,"Place of supply",Rate,"Applicable % of Tax Rate","Taxable Value","Cess Amount","E-Commerce GSTIN"
OE,29-KARNATAKA,18.00,0,4400,0,
OE,22-CHHATTISGARH,18.00,0,1782.2,0,
OE,"19-WEST BENGAL",18.00,0,2528.81,0,
OE,24-GUJARAT,18.00,0,4173.72,0,
OE,"09-UTTAR PRADESH",18.00,0,2719.49,0,
OE,10-BIHAR,18.00,0,1390.68,0,
OE,27-MAHARASHTRA,18.00,0,5736.45,0,
OE,08-RAJASTHAN,18.00,0,3477.12,0,
OE,"33-TAMIL NADU",18.00,0,3606.78,0,
OE,"23-MADHYA PRADESH",18.00,0,1957.63,0,
OE,20-JHARKHAND,18.00,0,1922.04,0,
OE,"01-JAMMU AND KASHMIR",18.00,0,1369.5,0,
OE,18-ASSAM,18.00,0,3386.44,0,
OE,"02-HIMACHAL PRADESH",18.00,0,2310.17,0,
OE,36-TELANGANA,18.00,0,1752.54,0,
OE,32-KERALA,18.00,0,1003.39,0,
OE,16-TRIPURA,18.00,0,2764.41,0,
OE,"37-ANDHRA PRADESH",18.00,0,1888.98,0,
OE,"12-ARUNACHAL PRADESH",18.00,0,1102.54,0,
OE,06-HARYANA,18.00,0,972.04,0,
OE,21-ODISHA,18.00,0,3505.94,0,
OE,03-PUNJAB,18.00,0,1827.12,0,
OE,07-DELHI,18.00,0,301.7,0,
OE,"35-ANDAMAN AND NICOBAR ISLANDS",18.00,0,549.15,0,
OE,13-NAGALAND,18.00,0,38.14,0,
OE,29-KARNATAKA,12.00,0,591.96,0,
OE,11-SIKKIM,18.00,0,395.77,0,
OE,17-MEGHALAYA,18.00,0,793.22,0,
OE,27-MAHARASHTRA,12.00,0,563.39,0,
