"GSTIN/UIN of Recipient","Receiver Name","Invoice Number","Invoice date","Invoice Value","Place Of Supply","Reverse Charge","Applicable % of Tax Rate","Invoice Type","E-Commerce GSTIN",Rate,"Taxable Value","Cess Amount"
33ATKPV9706D1ZF,"RV TEX",RWZM-834,03-Jun-23,699,"33-TAMIL NADU",N,0,"Regular B2B",,18,592.37,0
07CXJPM3322D1ZQ,YMGRAD,RWZM-852,05-Jun-23,0,07-DELHI,N,0,"Regular B2B",,18,664.41,0
19BFWPD4687J1ZK,"Dutta Majumder   Co",RWZM-880,08-Jun-23,744,"19-WEST BENGAL",N,0,"Regular B2B",,18,630.51,0
02ABXPT3627L1Z1,"THE WAREHOUSE",RWZM-894,10-Jun-23,759,"02-HIMACHAL PRADESH",N,0,"Regular B2B",,18,643.22,0
07AAACD6725E1ZX,"Digimatics India Pvt  Ltd ",RWZM-916,14-Jun-23,699,07-DELHI,N,0,"Regular B2B",,18,592.37,0
32AABCK6147L1ZH,"KURUVITHADAM AGENCIES PRIVATE LIMITED",RWZM-918,14-Jun-23,684,32-KERALA,N,0,"Regular B2B",,18,579.66,0
27AADCE1276E1ZV,"ECOTECH BIOFARM PRIVATE LIMITED",IN-68,17-Jun-23,438,27-MAHARASHTRA,N,0,"Regular B2B",,18,371.18,0
27ATRPM3195N1ZQ,"Om Packaging",IN-78,23-Jun-23,0,27-MAHARASHTRA,N,0,"Regular B2B",,18,183.9,0
29AITPV5401B1Z1,VEDANTIKALA,IN-84,25-Jun-23,399,29-KARNATAKA,N,0,"Regular B2B",,18,338.14,0
24ACIFS7750H1ZV,"HEADMASTERS SURAT",IN-90,27-Jun-23,849,24-GUJARAT,N,0,"Regular B2B",,18,719.5,0
27AAVCS8785L2ZZ,"Synergy Integrated MarCom India Pvt LTD",RWZM-999,29-Jun-23,759,27-MAHARASHTRA,N,0,"Regular B2B",,18,643.22,0
