Type,"Place of supply",Rate,"Applicable % of Tax Rate","Taxable Value","Cess Amount","E-Commerce GSTIN"
OE,08-RAJASTHAN,18.00,0,1988.14,0,
OE,"09-UTTAR PRADESH",12.00,0,1169.64,0,
OE,36-TELANGANA,12.00,0,509.82,0,
OE,32-KERALA,18.00,0,1647.46,0,
OE,07-DELHI,18.00,0,2012.71,0,
OE,"09-UTTAR PRADESH",18.00,0,3833.05,0,
OE,"01-JAMMU AND KASHMIR",12.00,0,353.57,0,
OE,07-DELHI,12.00,0,348.21,0,
OE,"37-ANDHRA PRADESH",12.00,0,504.46,0,
OE,29-KARNATAKA,18.00,0,2016.1,0,
OE,36-TELANGANA,18.00,0,1843.22,0,
OE,27-MAHARASHTRA,5.00,0,903.81,0,
OE,22-CHHATTISGARH,18.00,0,1325.42,0,
OE,"19-WEST BENGAL",18.00,0,1372.03,0,
OE,27-MAHARASHTRA,18.00,0,4897.46,0,
OE,03-PUNJAB,18.00,0,1861.02,0,
OE,24-GUJARAT,5.00,0,394.29,0,
OE,04-CHANDIGARH,18.00,0,457.63,0,
OE,18-ASSAM,18.00,0,952.54,0,
OE,24-GUJARAT,18.00,0,2035.59,0,
OE,"23-MADHYA PRADESH",18.00,0,1009.32,0,
OE,17-MEGHALAYA,12.00,0,490.18,0,
OE,29-KARNATAKA,12.00,0,1190.18,0,
OE,16-TRIPURA,18.00,0,327.97,0,
OE,27-MAHARASHTRA,12.00,0,1751.79,0,
OE,15-MIZORAM,18.00,0,332.2,0,
OE,"12-ARUNACHAL PRADESH",18.00,0,272.88,0,
OE,"37-ANDHRA PRADESH",18.00,0,1221.19,0,
OE,17-MEGHALAYA,18.00,0,497.46,0,
OE,"33-TAMIL NADU",12.00,0,1389.29,0,
OE,"23-MADHYA PRADESH",5.00,0,522.86,0,
OE,29-KARNATAKA,5.00,0,192.38,0,
OE,"23-MADHYA PRADESH",12.00,0,526.79,0,
OE,"33-TAMIL NADU",5.00,0,492.38,0,
OE,"33-TAMIL NADU",18.00,0,1933.05,0,
OE,"09-UTTAR PRADESH",5.00,0,2575.24,0,
OE,06-HARYANA,18.00,0,897.46,0,
OE,24-GUJARAT,12.00,0,988.39,0,
OE,10-BIHAR,18.00,0,589.83,0,
OE,36-TELANGANA,5.00,0,951.43,0,
OE,"19-WEST BENGAL",12.00,0,522.32,0,
OE,32-KERALA,12.00,0,974.11,0,
OE,"35-ANDAMAN AND NICOBAR ISLANDS",18.00,0,156.78,0,
OE,13-NAGALAND,18.00,0,180.51,0,
OE,05-UTTARAKHAND,18.00,0,425.42,0,
OE,10-BIHAR,12.00,0,187.5,0,
OE,"02-HIMACHAL PRADESH",12.00,0,174.11,0,
OE,22-CHHATTISGARH,12.00,0,174.11,0,
OE,32-KERALA,5.00,0,256.19,0,
OE,20-JHARKHAND,18.00,0,307.63,0,
OE,03-PUNJAB,12.00,0,344.64,0,
OE,"19-WEST BENGAL",5.00,0,189.52,0,
OE,18-ASSAM,12.00,0,186.61,0,
OE,"01-JAMMU AND KASHMIR",18.00,0,334.75,0,
OE,06-HARYANA,12.00,0,172.32,0,
OE,07-DELHI,5.00,0,376.19,0,
OE,21-ODISHA,5.00,0,263.81,0,
OE,30-GOA,12.00,0,174.11,0,
OE,08-RAJASTHAN,5.00,0,371.43,0,
OE,21-ODISHA,18.00,0,285.59,0,
