Type,"Place of supply",Rate,"Applicable % of Tax Rate","Taxable Value","Cess Amount","E-Commerce GSTIN"
OE,36-TELANGANA,5,0,40956.15,0,
OE,"33-TAMIL NADU",5,0,35677.67,0,
OE,29-KARNATAKA,5,0,50794.75,0,
OE,27-MAHARASHTRA,5,0,69509.43,0,
OE,32-KERALA,5,0,16738.09,0,
OE,"37-ANDHRA PRADESH",5,0,42359.57,0,
OE,"02-HIMACHAL PRADESH",5,0,2612.38,0,
OE,"09-UTTAR PRADESH",5,0,51078.09,0,
OE,21-ODISHA,5,0,19478.62,0,
OE,07-DELHI,5,0,13246.66,0,
OE,24-GUJARAT,5,0,24417.59,0,
OE,18-ASSAM,5,0,9504.77,0,
OE,03-PUNJAB,5,0,5694.81,0,
OE,10-BIHAR,5,0,18789.54,0,
OE,20-JHARKHAND,5,0,15004.71,0,
OE,29-KARNATAKA,0,0,-38.1,0,
OE,06-HARYANA,5,0,12337.13,0,
OE,04-CHANDIGARH,5,0,362.86,0,
OE,08-RAJASTHAN,5,0,9415.24,0,
OE,"23-MADHYA PRADESH",5,0,14089.52,0,
OE,"19-WEST BENGAL",5,0,19695.25,0,
OE,30-GOA,5,0,2766.66,0,
OE,15-MIZORAM,5,0,617.14,0,
OE,"01-JAMMU & KASHMIR",5,0,1700,0,
OE,22-CHHATTISGARH,5,0,18552.38,0,
OE,16-TRIPURA,5,0,1754.29,0,
OE,13-NAGALAND,5,0,1919.99,0,
OE,05-UTTARAKHAND,5,0,5399.04,0,
OE,"35-ANDAMAN & NICOBAR ISLANDS",5,0,237.14,0,
OE,17-MEGHALAYA,5,0,712.38,0,
OE,14-MANIPUR,5,0,707.62,0,
OE,"12-ARUNACHAL PRADESH",5,0,475.24,0,
OE,"35-ANDAMAN AND NICOBAR ISLANDS",5.00,0,1593.33,0,
OE,"26-THE DADRA AND NAGAR HAVELI AND DAMAN AND DIU",5.00,0,476.19,0,
OE,32-KERALA,12.00,0,288.39,0,
OE,"01-JAMMU AND KASHMIR",5.00,0,483.81,0,
