"Seller Gstin","Invoice Number","Invoice Date","Transaction Type","Order Id","Shipment Id","Shipment Date","Order Date","Shipment Item Id",Quantity,"Item Description",Asin,Hsn/sac,Sku,"Product Tax Code","Bill From City","Bill From State","Bill From Country","Bill From Postal Code","Ship From City","Ship From State","Ship From Country","Ship From Postal Code","Ship To City","Ship To State","Ship To Country","Ship To Postal Code","Invoice Amount","Tax Exclusive Gross","Total Tax Amount","Cgst Rate","Sgst Rate","Utgst Rate","Igst Rate","Compensatory Cess Rate","Principal Amount","Principal Amount Basis","Cgst Tax","Sgst Tax","Utgst Tax","Igst Tax","Compensatory Cess Tax","Shipping Amount","Shipping Amount Basis","Shipping Cgst Tax","Shipping Sgst Tax","Shipping Utgst Tax","Shipping Igst Tax","Shipping Cess Tax","Gift Wrap Amount","Gift Wrap Amount Basis","Gift Wrap Cgst Tax","Gift Wrap Sgst Tax","Gift Wrap Utgst Tax","Gift Wrap Igst Tax","Gift Wrap Compensatory Cess Tax","Item Promo Discount","Item Promo Discount Basis","Item Promo Tax","Shipping Promo Discount","Shipping Promo Discount Basis","Shipping Promo Tax","Gift Wrap Promo Discount","Gift Wrap Promo Discount Basis","Gift Wrap Promo Tax","Tcs Cgst Rate","Tcs Cgst Amount","Tcs Sgst Rate","Tcs Sgst Amount","Tcs Utgst Rate","Tcs Utgst Amount","Tcs Igst Rate","Tcs Igst Amount","Warehouse Id","Fulfillment Channel","Payment Method Code","Bill To City","Bill To State","Bill To Country","Bill To Postalcode","Customer Bill To Gstid","Customer Ship To Gstid","Buyer Name","Credit Note No","Credit Note Date","Irn Number","Irn Filing Status","Irn Date","Irn Error Code"
24BJZPB1270L1ZY,,"2023-10-02 10:28:29",Cancel,408-2558135-5499563,A01323671TG4HECKPPPMY,,,358714097548,3,,B0CCYPS6N3,,"Aluminium Tape",A_GEN_SUPERREDUCED,SURAT,GUJARAT,IN,394101,SURAT,GUJARAT,IN,394101,TOHANA,HARYANA,IN,125120,0,0,0,0,0,0,0,0,0,0,0,0,0,0,0,0,0,0,0,0,0,0,0,0,0,0,0,0,0,0,0,0,0,0,0,0,0,0,0,0,0,0,0,0,0,0,,,,TOHANA,HARYANA,IN,125120,,,,,,,,,
24BJZPB1270L1ZY,,"2023-10-02 15:59:38",Cancel,408-2860547-8117137,A00801382TI738DGA19C6,,,358768314485,1,,B08BRRJKZN,,"PB Atta Maker 1",A_GEN_SUPERREDUCED,SURAT,GUJARAT,IN,394101,Surat,GUJARAT,IN,394101,BENGALURU,KARNATAKA,IN,560067,0,0,0,0,0,0,0,0,0,0,0,0,0,0,0,0,0,0,0,0,0,0,0,0,0,0,0,0,0,0,0,0,0,0,0,0,0,0,0,0,0,0,0,0,0,0,,,,BENGALURU,KARNATAKA,IN,560047,,,,,,,,,
24BJZPB1270L1ZY,IN-4995,"2023-10-02 10:35:25",Shipment,408-2558135-5499563,A01323671TG4HECKPPPMY,"2023-10-03 12:50:02","2023-10-02 10:14:59",358871569016,3,"Purabelle Waterproof Aluminium Rubber Tape for Leakage Repair  Hot   Cold Temperature Aluminium Foil Tape",B0CCYPS6N3,3005,"Aluminium Tape",A_GEN_SUPERREDUCED,SURAT,GUJARAT,IN,394101,SURAT,GUJARAT,IN,394101,TOHANA,HARYANA,IN,125120,387,368.58,18.42,0,0,0,0.05,0,297,282.87,0,0,0,14.13,0,90,85.71,0,0,0,4.29,0,0,0,0,0,0,0,0,0,0,0,0,0,0,0,0,0,0,0,0,0,0,0,0.01,3.69,,MFN,NB,TOHANA,HARYANA,IN,125120,06AFTPR3109M1ZW,,"Skytail India Mart",,,,,,
24BJZPB1270L1ZY,RWWL-667,"2023-10-02 16:02:19",Shipment,408-2860547-8117137,A00801382TI738DGA19C6,"2023-10-03 12:52:59","2023-10-02 11:59:20",358571589367,1,"Purabelle Automatic Non Electric Atta Dough  Roti Maker Machine  Red ",B08BRRJKZN,3924,"PB Atta Maker 1",A_GEN_SUPERREDUCED,SURAT,GUJARAT,IN,394101,Surat,GUJARAT,IN,394101,BENGALURU,KARNATAKA,IN,560067,329,313.33,15.67,0,0,0,0.05,0,329,313.33,0,0,0,15.67,0,40,38.1,0,0,0,1.9,0,0,0,0,0,0,0,0,0,0,0,-40,-38.1,-1.9,0,0,0,0,0,0,0,0,0,0.01,3.13,RWWL,AFN,CC,BENGALURU,KARNATAKA,IN,560047,29ABBFA8629H1Z8,,"ATM RETAIL",,,,,,
24BJZPB1270L1ZY,IN-5088,"2023-10-05 20:49:11",Shipment,404-7336863-7992366,A02215901MIQ9V693DXTR,"2023-10-06 10:57:08","2023-10-05 20:37:19",358896160966,1,"Men Shirt Stays Shirt Lock Belt Adjustable Elastic Shirt Holder Keeps Shirt Tucked in for Police Military  Black ",B07S8V8G9M,6103,"Shirt Tucker belt..",A_GEN_SUPERREDUCED,SURAT,GUJARAT,IN,394101,SURAT,GUJARAT,IN,394101,MUMBAI,MAHARASHTRA,IN,400063,244,232.38,11.62,0,0,0,0.05,0,179,170.48,0,0,0,8.52,0,65,61.9,0,0,0,3.1,0,0,0,0,0,0,0,0,0,0,0,0,0,0,0,0,0,0,0,0,0,0,0,0.01,2.32,,MFN,CC,MUMBAI,MAHARASHTRA,IN,400068,27AAJFA7958A1ZE,,"A B B AND ASSOCIATES",,,,,,
24BJZPB1270L1ZY,IN-5115,"2023-10-06 14:42:40",Shipment,406-2356524-3954731,A004837613J2JJ5U8IOSV,"2023-10-07 12:21:25","2023-10-06 14:34:17",358784958080,1,"Purabelle Men s and Women s Nylon Elastic Slip Adjustable Shirt Stay Clamps Holder Tucker Garter Belt   Free Size  Free size_Black ",B08WLVZ2FH,5910,"PB Shirt Tucker 2",A_GEN_SUPERREDUCED,SURAT,GUJARAT,IN,394101,SURAT,GUJARAT,IN,394101,MUMBAI,MAHARASHTRA,IN,400072,204,194.28,9.72,0,0,0,0.05,0,139,132.38,0,0,0,6.62,0,65,61.9,0,0,0,3.1,0,0,0,0,0,0,0,0,0,0,0,0,0,0,0,0,0,0,0,0,0,0,0,0.01,1.94,,MFN,CC,MUMBAI,MAHARASHTRA,IN,400072,27AACCW2854K1ZZ,,"WIZQART PRIVATE LIMITED",,,,,,
24BJZPB1270L1ZY,IN-5157,"2023-10-07 15:01:52",Shipment,171-8538966-8853956,A01395753QLEE6R98L8E9,"2023-10-09 12:53:20","2023-10-07 14:49:58",358875657154,1,"Purabelle Original Universal Car Jack Ratchet Wrench 360 forward and reverse knob Labor Saving design Scissor Jack Lift Speed Handle Tool Jack Lug Han",B0CCW51NGT,8204,"Car Jack Wrench",A_GEN_SUPERREDUCED,SURAT,GUJARAT,IN,394101,SURAT,GUJARAT,IN,394101,"PIMPRI CHINCHWAD",MAHARASHTRA,IN,411026,314,299.04,14.96,0,0,0,0.05,0,249,237.14,0,0,0,11.86,0,65,61.9,0,0,0,3.1,0,0,0,0,0,0,0,0,0,0,0,0,0,0,0,0,0,0,0,0,0,0,0,0.01,2.99,,MFN,NB,"PIMPRI CHINCHWAD",MAHARASHTRA,IN,411026,27AZGPB8456Q1ZO,,"MODERN ELECTRO   INDIA  ",,,,,,
24BJZPB1270L1ZY,IN-5188,"2023-10-08 04:05:43",Shipment,404-1094627-3998709,A06820951HQ65CVQNMGPN,"2023-10-09 12:53:26","2023-10-08 03:51:34",358902041416,1,"Men Shirt Stays Shirt Lock Belt Adjustable Elastic Shirt Holder Keeps Shirt Tucked in for Police Military  Black ",B07S8V8G9M,6103,"shirt belt 001",A_GEN_SUPERREDUCED,SURAT,GUJARAT,IN,394101,SURAT,GUJARAT,IN,394101,THANE,MAHARASHTRA,IN,400612,214,203.8,10.2,0,0,0,0.05,0,149,141.9,0,0,0,7.1,0,65,61.9,0,0,0,3.1,0,0,0,0,0,0,0,0,0,0,0,0,0,0,0,0,0,0,0,0,0,0,0,0.01,2.04,,MFN,COD,THANE,MAHARASHTRA,IN,400612,27ATMPG5650K1ZB,,"Hitesh Design s",,,,,,
24BJZPB1270L1ZY,IN-5238,"2023-10-08 18:08:15",Shipment,402-2581642-7585169,A04785783SOC93IF9692L,"2023-10-10 12:49:37","2023-10-08 17:54:03",358934047555,1,"Men Shirt Stays Shirt Lock Belt Adjustable Elastic Shirt Holder Keeps Shirt Tucked in for Police Military  Black ",B07S8V8G9M,6103,"shirt belt 001",A_GEN_SUPERREDUCED,SURAT,GUJARAT,IN,394101,SURAT,GUJARAT,IN,394101,DEESA,GUJARAT,IN,385535,214,203.8,10.2,0.025,0.025,0,0,0,149,141.9,3.55,3.55,0,0,0,65,61.9,1.55,1.55,0,0,0,0,0,0,0,0,0,0,0,0,0,0,0,0,0,0,0,0.005,1.02,0.005,1.02,0,0,0,0,,MFN,COD,DEESA,GUJARAT,IN,385535,24AAFCI4498C1ZL,,"INSIGHT FOOD PRIVATE LIMITED",,,,,,
24BJZPB1270L1ZY,IN-5340,"2023-10-10 17:50:31",Shipment,405-0629087-5617924,A00061691XC1ZY76X1NQ3,"2023-10-12 12:56:01","2023-10-10 17:36:30",359007965061,1,"Purabelle Original Universal Car Jack Ratchet Wrench 360 forward and reverse knob Labor Saving design Scissor Jack Lift Speed Handle Tool Jack Lug Han",B0CCW51NGT,8204,"Car Jack Wrench",A_GEN_SUPERREDUCED,SURAT,GUJARAT,IN,394101,SURAT,GUJARAT,IN,394101,DEHRADUN,UTTARAKHAND,IN,248001,339,322.85,16.15,0,0,0,0.05,0,249,237.14,0,0,0,11.86,0,90,85.71,0,0,0,4.29,0,0,0,0,0,0,0,0,0,0,0,0,0,0,0,0,0,0,0,0,0,0,0,0.01,3.23,,MFN,PayStation,ROORKEE,UTTARAKHAND,IN,247667,05BCTPM9637H2ZX,,"M S HIMALAYAN CONSTRUCTION",,,,,,
24BJZPB1270L1ZY,IN-5188,"2023-10-08 04:05:43",Refund,404-1094627-3998709,A06820951HQ65CVQNMGPN,"2023-10-09 12:53:26","2023-10-08 03:51:34",358902041416,1,"Men Shirt Stays Shirt Lock Belt Adjustable Elastic Shirt Holder Keeps Shirt Tucked in for Police Military  Black ",B07S8V8G9M,6103,"shirt belt 001",A_GEN_SUPERREDUCED,SURAT,GUJARAT,IN,394101,SURAT,GUJARAT,IN,394101,THANE,MAHARASHTRA,IN,400612,-214,-203.8,-10.2,0,0,0,0.05,0,149,-141.9,0,0,0,-7.1,0,65,-61.9,0,0,0,-3.1,0,0,0,0,0,0,0,0,0,0,0,0,0,0,0,0,0,0,0,0,0,0,0,0.01,-2.04,,MFN,COD,THANE,MAHARASHTRA,IN,400612,27ATMPG5650K1ZB,,"Hitesh Design s",CN-719,"2023-10-13 19:45:18",,,,
24BJZPB1270L1ZY,IN-5437,"2023-10-12 23:46:04",Shipment,408-7981000-1619508,A040407524JJ43VF6RDEJ,"2023-10-14 13:28:14","2023-10-12 23:32:24",359104814589,1,"Men Shirt Stays Shirt Lock Belt Adjustable Elastic Shirt Holder Keeps Shirt Tucked in for Police Military  Black ",B07S8V8G9M,6103,"shirt belt 001",A_GEN_SUPERREDUCED,SURAT,GUJARAT,IN,394101,SURAT,GUJARAT,IN,394101,BENGALURU,KARNATAKA,IN,560039,259,246.66,12.34,0,0,0,0.05,0,169,160.95,0,0,0,8.05,0,90,85.71,0,0,0,4.29,0,0,0,0,0,0,0,0,0,0,0,0,0,0,0,0,0,0,0,0,0,0,0,0.01,2.47,,MFN,PayStation,BENGALURU,KARNATAKA,IN,560084,29AGIPB5258P1ZT,,"SRI SAI AND COMPANY",,,,,,
24BJZPB1270L1ZY,IN-5459,"2023-10-13 12:45:58",Shipment,406-2624170-2946748,A017651831CE90S66C3K2,"2023-10-14 13:28:14","2023-10-13 12:32:50",359120828462,1,"Purabelle Garment Steamer Portable Garment Steamer Fabric Steamer  Facial Steamer  Portable Dual Power Travel Iron Steamer  Set of 1 ",B09TRK2KDX,8516,"PB Iron Garment",A_GEN_SUPERREDUCED,SURAT,GUJARAT,IN,394101,SURAT,GUJARAT,IN,394101,JAIPUR,RAJASTHAN,IN,302006,769,732.38,36.62,0,0,0,0.05,0,679,646.67,0,0,0,32.33,0,90,85.71,0,0,0,4.29,0,0,0,0,0,0,0,0,0,0,0,0,0,0,0,0,0,0,0,0,0,0,0,0.01,7.33,,MFN,GC_POA,JAIPUR,RAJASTHAN,IN,302006,08AWOPV2540G1Z6,,"Purple Heart Enterprises",,,,,,
24BJZPB1270L1ZY,IN-5521,"2023-10-14 23:29:38",Shipment,406-0220243-2055503,A00354002PXA6JMA7ONP3,"2023-10-15 13:24:16","2023-10-14 23:17:12",359163385603,1,"Men Shirt Stays Shirt Lock Belt Adjustable Elastic Shirt Holder Keeps Shirt Tucked in for Police Military  Black ",B07S8V8G9M,6103,"shirt belt 001",A_GEN_SUPERREDUCED,SURAT,GUJARAT,IN,394101,SURAT,GUJARAT,IN,394101,BENGALURU,KARNATAKA,IN,560037,259,246.66,12.34,0,0,0,0.05,0,169,160.95,0,0,0,8.05,0,90,85.71,0,0,0,4.29,0,0,0,0,0,0,0,0,0,0,0,0,0,0,0,0,0,0,0,0,0,0,0,0.01,2.47,,MFN,CC_GC_POA,TIRUCHIRAPPALLI,"TAMIL NADU",IN,620021,33AAZFP8674L1Z4,,"PSG AND ASSOCIATES",,,,,,
24BJZPB1270L1ZY,IN-5496,"2023-10-14 08:59:47",Shipment,402-8094516-1039536,A020281421Y1L714WOHOI,"2023-10-16 13:00:16","2023-10-14 08:47:27",359134120562,1,"Purabelle Men s and Women s Nylon Elastic Slip Adjustable Shirt Stay Clamps Holder Tucker Garter Belt   Free Size  Free size_Black ",B0C8WB1RG4,6206,"Shirt tucker belt 20",A_GEN_SUPERREDUCED,SURAT,GUJARAT,IN,394101,SURAT,GUJARAT,IN,394101,Bangalore,KARNATAKA,IN,560030,219,208.57,10.43,0,0,0,0.05,0,129,122.86,0,0,0,6.14,0,90,85.71,0,0,0,4.29,0,0,0,0,0,0,0,0,0,0,0,0,0,0,0,0,0,0,0,0,0,0,0,0.01,2.09,,MFN,NB,BENGALURU,KARNATAKA,IN,560081,29ABUPV2534M1ZO,,"R V INDUSTRIES",,,,,,
24BJZPB1270L1ZY,IN-5661,"2023-10-18 10:29:59",Shipment,403-0398638-3901929,A0415643RYGYPK9QVYNM,"2023-10-19 13:28:41","2023-10-18 10:15:25",359265203242,1,"Purabelle Double Side Magnetic Window Glass Cleaner Wiper with 2 Extra Cleaning Cotton Squeegee Washing Equipment  Glass Thikness 3 6mm ",B08FKNSX3M,3402,"Glass Cleaner .0",A_GEN_SUPERREDUCED,SURAT,GUJARAT,IN,394101,SURAT,GUJARAT,IN,394101,ANANTPUR,MAHARASHTRA,IN,423702,284,270.47,13.53,0,0,0,0.05,0,219,208.57,0,0,0,10.43,0,65,61.9,0,0,0,3.1,0,0,0,0,0,0,0,0,0,0,0,0,0,0,0,0,0,0,0,0,0,0,0,0.01,2.71,,MFN,COD,ANANTPUR,MAHARASHTRA,IN,423702,27AAYFK9793J1Z1,,"KANYADAN FURNITURE COMPANY",,,,,,
24BJZPB1270L1ZY,IN-5797,"2023-10-22 08:14:31",Cancel,404-6892354-2134738,A02577253AOCR97K6TS1B,,,359369746719,1,,B0C8WB1RG4,,"Shirt tucker belt 20",A_GEN_SUPERREDUCED,SURAT,GUJARAT,IN,394101,SURAT,GUJARAT,IN,394101,BENGALURU,KARNATAKA,IN,560017,0,0,0,0,0,0,0,0,0,0,0,0,0,0,0,0,0,0,0,0,0,0,0,0,0,0,0,0,0,0,0,0,0,0,0,0,0,0,0,0,0,0,0,0,0,0,,,,BENGALURU,KARNATAKA,IN,560093,,,,,,,,,
24BJZPB1270L1ZY,IN-5797,"2023-10-22 08:14:31",Shipment,404-6892354-2134738,A02577253AOCR97K6TS1B,"2023-10-23 13:20:32","2023-10-22 08:02:03",359369746719,1,"Purabelle Men s and Women s Nylon Elastic Slip Adjustable Shirt Stay Clamps Holder Tucker Garter Belt   Free Size  Free size_Black ",B0C8WB1RG4,6206,"Shirt tucker belt 20",A_GEN_SUPERREDUCED,SURAT,GUJARAT,IN,394101,SURAT,GUJARAT,IN,394101,BENGALURU,KARNATAKA,IN,560017,219,208.57,10.43,0,0,0,0.05,0,129,122.86,0,0,0,6.14,0,90,85.71,0,0,0,4.29,0,0,0,0,0,0,0,0,0,0,0,0,0,0,0,0,0,0,0,0,0,0,0,0.01,2.09,,MFN,CC_GC_POA,BENGALURU,KARNATAKA,IN,560093,29AFJPM6700P1ZU,,SRLDesigns,,,,,,
24BJZPB1270L1ZY,,"2023-10-23 20:38:07",Cancel,408-6582772-7095516,A0149439VZWKV241L2K0,,,359413272525,1,,B0BZ8V9MSW,,butly,A_GEN_SUPERREDUCED,SURAT,GUJARAT,IN,394101,SURAT,GUJARAT,IN,394101,CHITTOOR,"ANDHRA PRADESH",IN,517277,0,0,0,0,0,0,0,0,0,0,0,0,0,0,0,0,0,0,0,0,0,0,0,0,0,0,0,0,0,0,0,0,0,0,0,0,0,0,0,0,0,0,0,0,0,0,,,,Chittoor,"ANDHRA PRADESH",IN,517277,,,,,,,,,
24BJZPB1270L1ZY,IN-5839,"2023-10-23 12:24:33",Shipment,403-3420894-0255561,A06667992BKPV7QX6B6RS,"2023-10-24 12:43:39","2023-10-23 12:10:09",359399487406,1,"Purabelle Sneaker Wipes Shoe Wipes  1 Pack   80 Pcs  Instant Sneaker Cleaner Shoe Cleaning Wipes for Shoes Quick Remove Dirt Stain Shoe Cleaner Wipes",B0CJ2JCT7H,3402,"Shoe Wipes (1 Pack - 80 Pcs)",A_GEN_SUPERREDUCED,SURAT,GUJARAT,IN,394101,SURAT,GUJARAT,IN,394101,"NEW DELHI",DELHI,IN,110016,189,180,9,0,0,0,0.05,0,99,94.29,0,0,0,4.71,0,90,85.71,0,0,0,4.29,0,0,0,0,0,0,0,0,0,0,0,0,0,0,0,0,0,0,0,0,0,0,0,0.01,1.8,,MFN,GC,"NEW DELHI",DELHI,IN,110029,07AAACU1700A1Z7,,"UNIVOLT ELECTRO DEVICES PVT LTD",,,,,,
24BJZPB1270L1ZY,IN-5853,"2023-10-23 20:43:36",Shipment,408-6582772-7095516,A0149439VZWKV241L2K0,"2023-10-24 12:43:37","2023-10-23 20:30:39",359405980853,1,"Purabelle Leakage Repair Waterproof Tape for Pipe Leakage Roof Water Leakage Solution Aluminium Foil Tape Waterproof Adhesive Butyl Tape for  5CM x 5M",B0BZ8V9MSW,7607,butly,A_GEN_SUPERREDUCED,SURAT,GUJARAT,IN,394101,SURAT,GUJARAT,IN,394101,CHITTOOR,"ANDHRA PRADESH",IN,517277,189,180,9,0,0,0,0.05,0,99,94.29,0,0,0,4.71,0,90,85.71,0,0,0,4.29,0,0,0,0,0,0,0,0,0,0,0,0,0,0,0,0,0,0,0,0,0,0,0,0.01,1.8,,MFN,PayStation,Chittoor,"ANDHRA PRADESH",IN,517277,37AALFM0554C1ZH,,"Vision India Dairy Products",,,,,,
24BJZPB1270L1ZY,RWWL-725,"2023-10-21 16:53:41",Shipment,407-2559800-1136317,A02708153LOYYRLW2FFIA,"2023-10-25 13:33:06","2023-10-21 15:33:12",359347913450,1,"Purabelle Flexible Microfiber Cleaning Duster with Extendable Rod for Home Office Car Fan Dusting Tools  Multicolour  Large ",B084TVQG57,9603,"PB Magic Dust Cleaner 2",A_GEN_SUPERREDUCED,SURAT,GUJARAT,IN,394101,Surat,GUJARAT,IN,394101,KHAIRTHAL,RAJASTHAN,IN,301404,369,351.43,17.57,0,0,0,0.05,0,329,313.33,0,0,0,15.67,0,40,38.1,0,0,0,1.9,0,0,0,0,0,0,0,0,0,0,0,0,0,0,0,0,0,0,0,0,0,0,0,0.01,3.51,RWWL,AFN,COD,BEAWAR,RAJASTHAN,IN,305901,08AMTPG0174A1ZA,,"SANATAN SEWA SANSTHAN",,,,,,
24BJZPB1270L1ZY,RWWL-732,"2023-10-25 13:06:29",Shipment,407-2143443-1609152,A07105841WDLBNTBYK8M3,"2023-10-26 13:11:40","2023-10-25 11:45:42",359455733761,1,"Purabelle Color Changing Rotating LED Star Moon Projector Night Light  Multicolour ",B08627HTGY,9405,"PB Sky master 2",A_GEN_SUPERREDUCED,SURAT,GUJARAT,IN,394101,Surat,GUJARAT,IN,394101,Gwalior,"MADHYA PRADESH",IN,474005,439,418.1,20.9,0,0,0,0.05,0,399,380,0,0,0,19,0,40,38.1,0,0,0,1.9,0,0,0,0,0,0,0,0,0,0,0,0,0,0,0,0,0,0,0,0,0,0,0,0.01,4.18,RWWL,AFN,COD,GWALIOR,"MADHYA PRADESH",IN,474020,23AJEPS5911K1Z3,,"TEHANGURIYA VENTURES",,,,,,
24BJZPB1270L1ZY,IN-5979,"2023-10-27 02:53:38",Shipment,171-0242613-9565978,A051433732G8UDD3P5B2L,"2023-10-27 13:59:51","2023-10-27 02:39:52",359502512752,2,"Men Shirt Stays Shirt Lock Belt Adjustable Elastic Shirt Holder Keeps Shirt Tucked in for Police Military  Black ",B07S8V8G9M,6103,"Shirt Tucker belt..",A_GEN_SUPERREDUCED,SURAT,GUJARAT,IN,394101,SURAT,GUJARAT,IN,394101,"VASAI VIRAR",MAHARASHTRA,IN,401202,323,307.62,15.38,0,0,0,0.05,0,258,245.72,0,0,0,12.28,0,65,61.9,0,0,0,3.1,0,0,0,0,0,0,0,0,0,0,0,0,0,0,0,0,0,0,0,0,0,0,0,0.01,3.08,,MFN,COD,Palghar,MAHARASHTRA,IN,401208,27ABDFR3134J1Z6,,"RAJ PLASTICS",,,,,,
24BJZPB1270L1ZY,IN-5985,"2023-10-27 10:44:39",Shipment,407-4145801-2056353,A09271312RS4FMKSKGHZX,"2023-10-28 12:52:38","2023-10-27 10:30:25",359916539804,2,"Purabelle Solar Lights 100 LED Solar Power Outdoor Motion Sensor Light with LED On Both Side  Waterproof  5 5 W",B09BZQ6RQJ,9405,"PB - Solar Lights 1",A_GEN_SUPERREDUCED,SURAT,GUJARAT,IN,394101,SURAT,GUJARAT,IN,394101,SURAT,GUJARAT,IN,395001,553,526.68,26.32,0.025,0.025,0,0,0,498,474.28,11.86,11.86,0,0,0,55,52.4,1.3,1.3,0,0,0,0,0,0,0,0,0,0,0,0,0,0,0,0,0,0,0,0.005,2.64,0.005,2.64,0,0,0,0,,MFN,PayStation,SURAT,GUJARAT,IN,395007,24ABMPK5842R3ZW,,"BQ INTERNATIONAL",,,,,,
24BJZPB1270L1ZY,IN-6028,"2023-10-28 16:42:54",Shipment,402-4946880-6682708,A00888722VFKOYP8679MN,"2023-10-30 14:06:40","2023-10-28 16:28:40",360198636682,1,"Purabelle Shirt Tucker belt strap Maximum Strech  Size 28 to 46  for Men Women  Unisex   Black",B08WLSYDK6,,"PB Shirt Tucker",A_GEN_SUPERREDUCED,SURAT,GUJARAT,IN,394101,SURAT,GUJARAT,IN,394101,"NEW DELHI",DELHI,IN,110019,219,208.57,10.43,0,0,0,0.05,0,129,122.86,0,0,0,6.14,0,90,85.71,0,0,0,4.29,0,0,0,0,0,0,0,0,0,0,0,0,0,0,0,0,0,0,0,0,0,0,0,0.01,2.09,,MFN,GC,"NEW DELHI",DELHI,IN,110019,07ACTPG0879L1ZY,,"NOVELLE SYSTEMS",,,,,,
24BJZPB1270L1ZY,IN-6134,"2023-10-31 22:32:00",Shipment,404-9743439-0418737,A07584131JZSHPQKUMENB,"2023-11-02 13:40:40","2023-10-31 22:18:01",360907545365,1,"Purabelle Men s and Women s Nylon Elastic Slip Adjustable Shirt Stay Clamps Holder Tucker Garter Belt   Free Size  Free size_Black ",B0C8WB1RG4,6206,"Shirt tucker belt 20",A_GEN_SUPERREDUCED,SURAT,GUJARAT,IN,394101,SURAT,GUJARAT,IN,394101,AHMEDABAD,GUJARAT,IN,380015,194,184.76,9.24,0.025,0.025,0,0,0,129,122.86,3.07,3.07,0,0,0,65,61.9,1.55,1.55,0,0,0,0,0,0,0,0,0,0,0,0,0,0,0,0,0,0,0,0.005,0.92,0.005,0.92,0,0,0,0,,MFN,PayStation,AHMEDABAD,GUJARAT,IN,380022,24ACZPS4056P1ZJ,,"SANGHVI CORPORATION",,,,,,
